STUDY_ID;CANCER;N_ITT;N_mAb;PDL1;TREATMENT_1;TREATMENT_2;TREATMENT_3;CONTROL;REF_GROUP;AGENT_1;AGENT_2;AGENT_3;OS_HR;OS_HR_LB;OS_HR_UB;MOS_Censored;MOS;MOS_LB;MOS_UB;MOS_Control;MOS_LB_Control;MOS_UB_Control;PFS_HR;PFS_HR_LB;PFS_HR_UB;PFS;PFS_LB;PFS_UB;PFS_Control;PFS_Control_LB;PFS_Control_UB;SR;SR_LB;SR_UB;ORR;ORR_LB;ORR_UB;12MOS;12MOS_LB;12MOS_UB;CR;DOSE_1;DOSE_2;DOSE_3;DOSE_SCHEDULE_1;DOSE_SCHEDULE_2;DOSE_SCHEDULE_3;PHASE;CS;LAST_MONTH;FOLLOWUP_MEDIAN;FOLLOWUP_IQR25;FOLLOWUP_IQR75;NCT.Number;STUDY_NAME;MASK;SOURCE;INCLUDED;PMID
Antonia_2018;NSCLC;713;236;;Placebo;NA;NA;NA;NA;Placebo;NA;NA;;;;0;28,7;22,9;;;;;;;;5,6;;;;;;55,6;48,9;61,8;;;;;;;;;;;;;;3;;;25,2;;;NCT02125461;PACIFIC;Double-blinded;NCT;IN;
Antonia_2018;NSCLC;713;473;;antiPDL1;NA;NA;Placebo;SOC;Durvalumab;NA;NA;0,68;0,47;0,997;1;42;34,7;;28,7;22,9;;0,51;0,41;0,63;17,2;;;5,6;;;66,3;61,7;70,4;;;;;;;;;;;;;;3;;;25,2;;;NCT02125461;PACIFIC;Double-blinded;NCT;IN;
Baas_2021;MPM;605;303;;antiCTLA4;antiPD1;NA;Chemotherapy;SOC;Ipilimumab;Nivolumab;NA;0,74;0,6;0,91;0;18,1;16,8;21,4;14,1;12,4;16,2;1;0,82;1,21;6,77;5,59;7,36;7,2;6,93;8,05;41;35,1;46,5;39,6;34,1;45,4;;;;;1;3;;Q6W;Q2W;NA;3;;;29,7;26,7;32,9;NCT02899299;Checkmate 743;Open-label;;FO_TF;
Baas_2021;MPM;605;302;;Chemotherapy;NA;NA;Chemotherapy;SOC;ICC;NA;NA;;;;;14,1;12,4;16,2;;;;;;;7,2;6,93;8,05;;;;27;21,9;32,4;42,7;37,1;48,5;;;;;;;;;;;3;;;;;;NCT02899299;Checkmate 743;Open-label;;FO_TF;
Balar_2017b;MUC;119;119;;antiPDL1;NA;NA;NA;NA;Atezolizumab;NA;NA;;;;0;15,9;10,4;;;;;;;;;;;;;;;;;23;16;31;57;48;66;;1200;NA;NA;Q3W;NA;NA;2;;;;;;NCT02108652;;;;FO_PH2;
Balar_2017b;MUC;374;370;;antiPD1;NA;NA;NA;NA;Pembrolizumab;NA;NA;;;;;;;;;;;;;;;;;;;;;;;24;20;29;;;;;;NA;NA;;NA;NA;2;;;5;3;8,6;NCT02335424;;;;FO_PH2;
Bang_2018;GC/GEJC;371;186;;ICC;NA;NA;NA;NA;Paclitaxel;NA;NA;;;;;5;4,5;6,3;;;;;;;2,7;1,8;2,8;;;;;;;4,3;;;;;;;80;;;Q7D;;;3;;;;;;NCT02625623;JAVELIN Gastric 300;Open-label;NCT;IN;
Bang_2018;GC/GEJC;371;185;;antiPDL1;NA;NA;Chemotherapy;SOC;Avelumab;NA;NA;1,1;0,9;1,4;;4,6;3,6;5,7;5;4,5;6,3;1,73;1,4;2,2;1,4;1,4;1,5;2,7;1,8;2,8;;;;2,2;;;;;;;10;;;Q2W;;;3;;;;;;NCT02625623;JAVELIN Gastric 300;Open-label;NCT;IN;
Barlesi_2018;NSCLC;792;396;;Docetaxel;NA;NA;NA;NA;Docetaxel;NA;NA;;;;0;10,3;8,5;13;NA;;;;;;4,2;3,3;5,2;;;;;;;;;;11,8;;;;75;NA;NA;Q3W;NA;NA;3;;;;;;NCT02395172;JAVELIN Lung 200;Open-label;NCT;IN;
Barlesi_2018;NSCLC;792;396;;antiPDL1;NA;NA;Docetaxel;SOC;Avelumab;NA;NA;0,9;0,72;1,12;0;11,4;9,4;13,9;10,3;8,5;13;1,17;0,98;1,41;2,8;2,7;3,5;4,2;3,3;5,2;;;;;;;12,9;;;;10;NA;NA;Q2W;NA;NA;3;;;;;;NCT02395172;JAVELIN Lung 200;Open-label;NCT;IN;
Beer_2017;MCRPC;602;400;;antiCTLA4;NA;NA;NA;Placebo;Ipilimumab;NA;NA;1,11;0,88;1,39;0;28,7;24,5;32,5;29,7;26,1;34,2;0,67;0,55;0,81;5,6;5,3;6,3;3,8;2,8;4,1;41;36;46;;;;78;73;82;;10;;;Q3Wx4+Q12W;;;3;;;;;;NCT01057810;CA184-095;Double-blinded;PubMed;IN;
Beer_2017;MCRPC;602;400;;Placebo;NA;NA;NA;NA;NA;NA;NA;;;;;;;;;;;;;;;;;;;;40;32;47;;;;85;79;89;;;;;;;;3;;;;;;NCT01057810;CA184-095;Double-blinded;PubMed;IN;
Bellmunt_2017;MUC;542;272;;Chemotherapy;NA;NA;NA;NA;ICC;NA;NA;;;;;7,4;6,1;8,3;;;;;;;3,3;2,3;3,5;;;;;;;;;;30,7;25;36,7;;;;;;;;3;;;;;;NCT02256436;KEYNOTE-045;Open-label;PubMed;IN;
Bellmunt_2017;MUC;542;270;;antiPD1;NA;NA;Chemotherapy;SOC;Pembrolizumab;NA;NA;0,73;0,59;0,91;;10,3;8;11,8;7,4;6,1;8,3;0,98;0,81;1,19;2,1;2;2,2;3,3;2,3;3,5;;;;;;;43,9;37,8;49,9;;;;;;;;3;;;;;;NCT02256436;KEYNOTE-045;Open-label;PubMed;IN;
Borghaei_2015;NSCLC;582;292;;antiPD1;NA;NA;Chemotherapy;SOC;Nivolumab;NA;NA;0,73;0,59;0,89;0;12,2;9,7;15;9,4;8,1;10,7;0,92;0,77;1,1;2,3;2,2;3,3;4,2;3,5;4,9;;;;19;15;24;51;45;56;;3;NA;NA;Q3W;NA;NA;3;;;;;;NCT01673867;Checkmate 057;Open-label;PubMed;IN;
Borghaei_2015;NSCLC;582;290;;Docetaxel;NA;NA;NA;NA;Docetaxel;NA;NA;;;;0;9,4;8,1;10,7;NA;NA;NA;;;;4,2;3,5;4,9;;;;;;;8;9;17;39;33;45;;75;NA;NA;Q3W;NA;NA;3;;;;;;NCT01673867;Checkmate 057;Open-label;PubMed;IN;
Brahmer_2015;NSCLC;272;135;;antiPD1;NA;NA;Chemotherapy;SOC;Nivolumab;NA;NA;0,59;0,44;0,79;0;9,2;7,3;13,3;6;5,1;7,3;0,62;0,47;0,81;3,5;2,1;4,9;2,8;2,1;3,5;;;;20;14;28;42;34;50;1;3;NA;NA;Q2W;NA;NA;3;;;;;;NCT01642004;Checkmate 017;Open-label;PubMed;IN;
Brahmer_2015;NSCLC;272;137;;Docetaxel;NA;NA;NA;NA;Docetaxel;NA;NA;;;;0;6;5,1;7,3;NA;NA;NA;;;;2,8;2,1;3,5;;;;;;;9;5;15;24;17;31;0;75;NA;NA;Q3W;NA;NA;3;;;;;;NCT01642004;Checkmate 017;Open-label;PubMed;IN;
Burtness_2018;HNSCC;882;300;;antiEGFR;NA;NA;NA;NA;Cetuximab;NA;NA;;;;;10,3;;;;;;;;;5,2;4,9;6,1;;;;;;;;;;;;;;400;;;;;;3;;;;;;NCT02358031;KEYNOTE-048;Open-label;PubMed;IN;
Burtness_2018;HNSCC;882;301;;antiPD1;NA;NA;antiEGFR;SOC;Pembrolizumab;NA;NA;0,78;0,64;0,96;;12,3;;;10,3;;;;;;;;;;;;;;;;;;;;;;200;;;Q3W;;;3;;;;;;NCT02358031;KEYNOTE-048;Open-label;PubMed;IN;
Burtness_2018;HNSCC;882;281;;antiPD1;Chemotherapy;NA;antiEGFR;SOC;Pembrolizumab;ICC;NA;0,77;0,63;0,93;;13;;;10,3;;;0,93;0,78;1,11;4,9;4,7;6,1;5,2;4,9;6,1;;;;;;;;;;;200;;;Q3W;;;3;;;;;;NCT02358031;KEYNOTE-048;Open-label;PubMed;IN;
Carbone_2017;NSCLC;541;271;;antiPD1;NA;NA;Chemotherapy;SOC;Nivolumab;NA;NA;1,02;0,8;1,3;;14,4;11,7;17,4;13,2;10,7;17,1;1,15;0,91;1,45;4,2;3;5,6;5,9;5,4;6,9;;;;;;;;;;;;;;;;;3;;;13,5;;;NCT02041533;Checkmate 026;Open-label;NCT;IN;
Carbone_2017;NSCLC;541;270;;Chemotherapy;NA;NA;NA;NA;ICC;NA;NA;;;;;13,2;10,7;17,1;;;;;;;5,9;5,4;6,9;;;;;;;;;;;;;;;;;;;;3;;;13,5;;;NCT02041533;Checkmate 026;Open-label;NCT;IN;
Chen_2020;GC/GEJC;493;330;;antiPD1;NA;NA;Placebo;Placebo;Nivolumab;NA;NA;0,62;0,51;0,76;0;5,26;4,6;6,37;4,15;3,42;4,86;0,6;0,49;0,75;1,61;1,54;2,3;1,45;1,45;1,54;10,6;;;11,9;;;;;;;3;;;Q2Wx3;;;3;;;;;;;ATTRACTION-2;Double-blinded;PubMed;IN;
Chen_2020;GC/GEJC;493;160;;Placebo;NA;NA;NA;NA;NA;NA;NA;;;;;4,15;3,42;4,86;;;;;;;1,45;1,45;1,54;;;;3,2;;;0;;;;;;;;;;;;;3;;;;;;;ATTRACTION-2;Double-blinded;PubMed;IN;
Cohen_2019;HNSCC;495;248;;SOC;NA;NA;NA;NA;Methotrexate;Docetaxel;Cetuximab;0,8;0,65;0,98;0;6,9;5,9;8;;;;;;;2,3;2,1;2,8;;;;;;;10,1;6,6;14,5;26,5;21,2;32,2;;;;;;;;3;;;;;;NCT02252042;KEYNOTE-040;Open-label;PubMed;IN;
Cohen_2019;HNSCC;495;247;;antiPD1;NA;NA;SOC;SOC;Pembrolizumab;NA;NA;0,8;0,65;0,98;0;8,4;6,4;9,4;6,9;5,9;8;0,96;0,79;1,16;2,1;2,1;2,3;2,3;2,1;2,8;;;;14,6;10,4;19,6;37;31;43,1;;;;;;;;3;;;;;;NCT02252042;KEYNOTE-040;Open-label;PubMed;IN;
Eggermont_2015;SKCM;834;475;;antiCTLA4;NA;NA;Placebo;Placebo;Ipilimumab;NA;NA;0,72;0,58;0,88;0;86,8;86,6;;;;;0,75;0,64;0,9;26,09;19,32;39,6;17,05;13,4;21,62;;;;;;;;;;;10;;;Q3Wx4;;;3;;;;;;NCT00636168;EORTC 18071;Double-blinded;NCT;IN;
Eggermont_2015;SKCM;834;476;;Placebo;NA;NA;NA;NA;NA;NA;NA;;;;;;;;;;;;;;17,05;13,4;21,62;;;;;;;;;;;;;;;;;;;;3;;;;;;NCT00636168;EORTC 18071;Double-blinded;NCT;IN;
Eng_2019;MCC;383;183;;antiPDL1;MEKi;NA;Regorafenib;SOC;Atezolizumab;Cobimetinib;NA;1;0,73;1,38;0;8,87;7;10,61;8,51;6,41;10,71;1,25;0,94;1,65;1,91;1,87;1,97;2;1,87;3,61;;;;2,7;0,89;6,26;;;;;840;60;;Q2W;Q1Dx21;;3;;;;;;NCT02788279;IMblaze370;Open-label;PubMed;IN;
Eng_2019;MCC;383;90;;antiPDL1;NA;NA;Regorafenib;SOC;Atezolizumab;NA;NA;1,19;0,83;1,71;0;7,1;6,05;10,05;8,51;6,41;10,71;1,39;1;1,94;1,94;1,91;2,1;2;1,87;3,61;;;;2,2;0,27;7,8;;;;;1200;;;Q3W/Q2W;;;3;;;;;;NCT02788279;IMblaze370;Open-label;PubMed;IN;
Eng_2019;MCC;383;90;;Regorafenib;NA;NA;NA;NA;Regorafenib;NA;NA;;;;0;8,51;6,41;10,71;;;;;;;2;1,87;3,61;;;;;;;2,2;0,27;7,8;;;;;160;;;Q1Dx21;;;3;;;;;;NCT02788279;IMblaze370;Open-label;PubMed;IN;
Fehrenbacher_2016;NSCLC;287;143;;Docetaxel;NA;NA;NA;NA;Docetaxel;NA;NA;;;;0;9,7;8,6;12;NA;NA;NA;;;;3;NA;NA;;;;;;;15;;;;;;;75;NA;NA;Q3W;NA;NA;2;;;;;;NCT01903993;POPLAR;Open-label;PubMed;FO_PH2;
Fehrenbacher_2016;NSCLC;287;144;;antiPDL1;NA;NA;Chemotherapy;SOC;Atezolizumab;NA;NA;0,73;0,53;0,99;0;12,6;9,7;16,4;9,7;8,6;12;0,94;0,72;1,23;2,7;NA;NA;3;NA;NA;;;;15;;;;;;;1200;NA;NA;Q3W;NA;NA;2;;;;;;NCT01903993;POPLAR;Open-label;PubMed;FO_PH2;
Ferris_2016;HNSCC;361;240;;antiPD1;NA;NA;SOC;SOC;Nivolumab;NA;NA;0,7;0,51;0,96;;7,5;5,5;9,1;5,1;4;6;0,89;0,7;1,13;2;1,9;2,1;2,3;1,9;3,1;;;;13,3;9,3;18,3;36;28,5;43,4;;3;;;Q2W;;;3;;;;;;NCT02105636;Checkmate 141;Open-label;PubMed;IN;
Ferris_2016;HNSCC;361;121;;SOC;NA;NA;NA;NA;SOC;NA;NA;;;;;5,1;4;6;;;;;;;2,3;1,9;3,1;;;;;;;5,8;2,4;11,6;16,6;8,6;26,8;;;;;;;;3;;;;;;NCT02105636;Checkmate 141;Open-label;PubMed;IN;
Ferris_2020;HNSCC;763;247;;antiCTLA4;antiPDL1;NA;SOC;NA;Tremelimumab;Durvalumab;NA;1,04;0,85;1,26;;6,5;5,5;8,2;8,3;7,3;9,2;1,09;0,9;1,33;2;1,9;2,3;3,7;3,1;3,7;;;;18,2;13,6;23,6;;;;;1;20+10;;Q4Wx4;Q4W+Q2W;;3;;;;;;NCT02369874;EAGLE;Open-label;NCT;IN;
Ferris_2020;HNSCC;763;249;;SOC;NA;NA;NA;NA;SOC;NA;NA;;;;;8,3;7,3;9,2;;;;;;;3,7;3,1;3,7;;;;;;;17,3;12,8;22,6;30,5;;;;;;;;;;3;;;;;;NCT02369874;EAGLE;Open-label;NCT;IN;
Ferris_2020;HNSCC;763;240;;antiPDL1;NA;NA;SOC;SOC;Durvalumab;NA;NA;0,88;0,72;1,08;;7,6;6,1;9,8;8,3;7,3;9,2;1,02;0,84;1,25;2,1;1,9;3;3,7;3,1;3,7;;;;17,9;13,3;23,3;37;30,9;43,1;;10;;;Q2W;;;3;;;;;;NCT02369874;EAGLE;Open-label;NCT;IN;
Finn_2020;HCC;413;278;;antiPD1;NA;NA;Placebo;SOC;Pembrolizumab;NA;NA;0,781;0,611;0,998;;13,9;11,6;16;10,6;8,3;13,5;0,775;0,609;0,987;3;2,8;4,1;2,8;1,6;3;;;;18,3;14;23,4;;;;;200;;;Q3W;;;3;;;;;;NCT02702401;KEYNOTE-240;Double-blinded;PubMed;IN;
Finn_2020;HCC;413;135;;Placebo;NA;NA;NA;NA;Placebo;NA;NA;;;;;10,6;8,3;13,5;;;;;;;2,8;1,6;3;;;;;;;4,4;1,6;9,4;;;;;;;;;;;3;;;;;;NCT02702401;KEYNOTE-240;Double-blinded;PubMed;IN;
Gandhi_2018;NSCLC;616;410;;antiPD1;Chemotherapy;NA;Chemotherapy;SOC;Pembrolizumab;Pemetrexed/Platinum;NA;0,56;0,45;0,7;0;22;19,5;25,2;10,7;8,7;13,6;0,48;0,4;0,58;9;8,1;9,9;4,9;4,7;5,5;;;;;;;;;;;;;;;;;3;;;;;;NCT02578680;KEYNOTE-189;Double-blinded;PubMed;IN;
Gandhi_2018;NSCLC;616;206;;Chemotherapy;NA;NA;NA;NA;Pemetrexed/Platinum;NA;NA;;;;0;10,7;8,7;13,6;;;;;;;4,9;4,7;5,5;;;;;;;;;;;;;;;;;;;;3;;;;;;NCT02578680;KEYNOTE-189;Double-blinded;PubMed;IN;
Govindan_2017;NSCLC;956;479;;antiCTLA4;Chemotherapy;NA;Chemotherapy;SOC;Ipilimumab;ICC;NA;0,917;0,792;1,061;0;10,94;9,56;12,02;10,74;9,66;11,73;0,869;0,749;1,009;5,55;5,36;5,85;5,59;5,52;5,72;;;;;;;;;;;10;;;Q3Wx4+Q12W;;;;;;;;;NCT01285609;;Double-blinded;NCT;IN;
Govindan_2017;NSCLC;956;477;;Chemotherapy;NA;NA;NA;NA;ICC;NA;NA;;;;0;10,74;9,66;11,73;;;;;;;5,59;5,52;5,72;;;;;;;;;;;;;;;;;;;;;;;;;;NCT01285609;;Double-blinded;NCT;IN;
Gutzmer_2020;SKCM;514;256;;antiPDL1;BRAFi;MEKi;BRAFi+MEKi;SOC;Atezolizumab;Vemurafenib;Cobimetinib;0,85;0,64;1,11;1;28,8;27,4;;;;;0,78;0,63;0,97;15,1;11,4;18,4;10,6;9,3;12,7;;;;;;;;;;;;;;;;;3;;;;;;NCT02908672;IMspire150;Double-blinded;PubMed;IN;
Gutzmer_2020;SKCM;514;258;;BRAFi;MEKi;NA;NA;NA;Vemurafenib;Cobimetinib;NA;;;;1;25,1;22,3;;;;;;;;10,6;9,3;12,7;;;;;;;;;;;;;;;;;;;;3;;;;;;NCT02908672;IMspire150;Double-blinded;PubMed;IN;
Hamid_2017;SKCM;179;179;;ICC;NA;NA;NA;NA;ICC;NA;NA;;;;0;11;8,9;13,8;NA;NA;NA;;;;;;;;;;30;23;36,7;4;;;NA;;;;NA;NA;NA;NA;NA;NA;2;;;;;;NCT01704287;KEYNOTE-002;Double-blinded;;FO_PH2;
Hamid_2017;SKCM;180;180;;antiPD1;NA;NA;Chemotherapy;SOC;Pembrolizumab;NA;NA;0,86;0,67;1,1;0;13,4;11;16,4;11;8,9;13,8;0,58;0,46;0,73;;;;;;;36;28,9;43;22;;;NA;;;;2;NA;NA;Q3W;NA;NA;2;;;;;;NCT01704287;KEYNOTE-002;Double-blinded;;FO_PH2;
Hamid_2017;SKCM;181;181;;antiPD1;NA;NA;Chemotherapy;SOC;Pembrolizumab;NA;NA;0,74;0,57;0,96;0;14,7;11,3;19,5;11;8,9;13,8;0,47;0,37;0,6;;;;;;;38;31,1;45,2;28;;;NA;;;;10;NA;NA;Q3W;NA;NA;2;;;;;;NCT01704287;KEYNOTE-002;Double-blinded;;FO_PH2;
Hellman_2019;NSCLC;1739;396;>1%;antiCTLA4;antiPD1;NA;Chemotherapy;SOC;Ipilimumab;Nivolumab;NA;0,79;0,65;0,96;0;17,1;15;20,1;14,9;12,7;16,7;;;;5,1;4,1;6,3;5,6;4,6;5,8;;;;35,9;31,1;40,9;;;;;;;;;;;3;;;;;;NCT02477826;CheckMate 227;Open-label;PubMed;IN;
Hellman_2019;NSCLC;1739;397;>1%;Chemotherapy;NA;NA;NA;NA;NA;NA;NA;;;;;14,9;12,7;16,7;;;;;;;5,6;4,6;5,8;;;;29,7;;;30;25,5;34,7;;;;;;;;;;;3;;;;;;NCT02477826;CheckMate 227;Open-label;PubMed;IN;
Hellman_2019;NSCLC;1739;187;<1%;antiCTLA4;antiPD1;NA;Chemotherapy;SOC;Ipilimumab;Nivolumab;NA;0,62;0,48;0,78;;17,2;12,8;22;12,2;9,2;14,3;;;;5,1;3,2;6,4;4,7;4,2;5,6;;;;;;;;;;;;;;;;;;;;;;;NCT02477826;CheckMate 227;Open-label;PubMed;IN;
Hellman_2019;NSCLC;1739;177;<1%;antiPD1;Chemotherapy;NA;Chemotherapy;SOC;Nivolumab;NA;NA;0,78;0,6;1,02;0;15,2;12,3;19,8;12,2;9,2;14,3;0,73;0,56;0,95;5,6;4,6;6,9;4,7;4,2;5,6;;;;;;;;;;;;;;;;;;;;;;;NCT02477826;CheckMate 227;Open-label;PubMed;IN;
Hellman_2019;NSCLC;1739;186;<1%;Chemotherapy;NA;NA;NA;NA;NA;NA;NA;;;;;12,2;9,2;14,3;;;;;;;4,7;4,2;5,6;;;;;;;;;;;;;;;;;;;;;;;;;;NCT02477826;CheckMate 227;Open-label;PubMed;IN;
Herbst_2016;NSCLC;1034;343;;Docetaxel;NA;NA;NA;NA;Docetaxel;NA;NA;;;;0;8,5;7,5;9,8;NA;NA;NA;;;;4;3,1;4,2;;;;44;;;9;;;34,6;;;NA;75;NA;NA;Q3W;NA;NA;2/3;;;13,1;8,6;17,7;NCT01905657;KEYNOTE-010;Open-label;NCT;IN;
Powles_2018b;MUC;84;42;;antiPD1;IDOi;NA;ICB;NA;Pembrolizumab;Epacadostat;NA;;;;;;;;;;;;;;;;;;;;;;;21,4;12,49;43,26;;;;;;;;;;;;;;;;;NCT03374488;ECHO-303;Double-blinded;NCT;IN;
Powles_2018b;MUC;84;42;;antiPD1;NA;NA;NA;NA;Pembrolizumab;NA;NA;;;;;;;;;;;;;;;;;;;;;;;9,5;3,11;26,06;;;;;;;;;;;;;;;;;NCT03374488;ECHO-303;Double-blinded;NCT;IN;
Herbst_2016;NSCLC;1034;345;;antiPD1;NA;NA;Chemotherapy;SOC;Pembrolizumab;NA;NA;0,71;0,58;0,88;0;10,4;9,4;11,9;8,5;7,5;9,8;0,88;0,74;1,05;3,9;3,1;4,1;4;3,1;4,2;50;;;18;;;43,2;;;NA;2;NA;NA;Q3W;NA;NA;2/3;;;13,1;8,6;17,7;NCT01905657;KEYNOTE-010;Open-label;NCT;IN;
Herbst_2016;NSCLC;1034;346;;antiPD1;NA;NA;Chemotherapy;SOC;Pembrolizumab;NA;NA;0,61;0,49;0,75;0;12,7;10;17,3;8,5;7,5;9,8;0,79;0,66;0,94;4;2,7;4,3;4;3,1;4,2;55;;;18;;;52,3;;;NA;10;NA;NA;Q3W;NA;NA;2/3;;;13,1;8,6;17,7;NCT01905657;KEYNOTE-010;Open-label;NCT;IN;
Herbst_2020;NSCLC;572;287;;Chemotherapy;NA;NA;NA;NA;ICC;NA;NA;;;;0;14,7;11,2;16,5;;;;;;;5,6;4,7;5,7;;;;;;;32,1;;;;;;;;;;;;;;;;;;;NCT02409342;IMPower110;Open-label;PubMed;IN;
Herbst_2020;NSCLC;572;285;;antiPDL1;NA;NA;Chemotherapy;SOC;Atezolizumab;NA;NA;0,845;0,688;1,037;0;18,9;13,4;23;14,7;11,2;16,5;0,716;0,595;0,863;5,8;5,5;7,3;5,6;4,7;5,7;;;;31,4;;;;;;;;;;;;;;;;;;;NCT02409342;IMPower110;Open-label;PubMed;IN;
Hodi_2010;SKCM;368;136;;gp100;NA;NA;NA;NA;gp100;NA;NA;;;;0;6,4;5,5;8,7;NA;NA;NA;;;;2,76;2,73;2,83;;;;13,7;;;1,5;;;25,3;;;0;;NA;NA;;NA;NA;3;;24;;;;NCT00094653;;Double-blinded;PubMed;IN;
Hodi_2016;SKCM;142;95;;antiCTLA4;antiPD1;NA;antiCTLA4;ICB;Ipilimumab;Nivolumab;NA;0,74;0,43;1,26;1;28;;;28;;;0,36;0,22;0,56;;;;3;2,7;5,1;63,8;53,3;72,6;59;48;69;73,4;63,2;81,2;22;3;1;;Q3Wx4;Q3Wx4+Q2W;;2;;27;24,5;9,1;25,7;NCT01927419;CheckMate 069;Double-blinded;;FO_PH2;
Hodi_2016;SKCM;142;47;;antiCTLA4;NA;NA;NA;NA;Ipilimumab;NA;NA;;;;1;28;;;NA;;;;;;3;2,7;5,1;;;;53,6;38,1;66,8;11;3;23;64,8;49,1;72,6;0;3;NA;NA;Q3Wx4;NA;NA;2;;27;;9,1;25,7;NCT01927419;CheckMate 069;Double-blinded;;FO_PH2;
Hodi_2010;SKCM;368;137;;antiCTLA4;NA;NA;gp100;SOC;Ipilimumab;NA;NA;0,64;0,49;0,84;0;10,1;8;13,8;6,4;5,5;8,7;0,64;;;2,86;2,76;3,02;2,76;2,73;2,83;23,5;;;5,7;;;45,6;;;2;;NA;NA;;NA;NA;3;;24;;;;NCT00094653;;Double-blinded;PubMed;IN;
Hodi_2010;SKCM;368;403;;antiCTLA4;gp100;NA;gp100;SOC;Ipilimumab;gp100;NA;0,69;0,56;0,85;0;10;8,5;11,5;6,4;5,5;8,7;0,81;;;2,76;2,73;2,79;2,76;2,73;2,83;21,6;;;10,9;;;43,6;;;1;;;;;;;3;;24;;;;NCT00094653;;Double-blinded;PubMed;IN;
Hodi_2018;SKCM;945;315;;antiCTLA4;NA;NA;NA;NA;Ipilimumab;NA;NA;;;;0;19,9;16,9;24,6;NA;NA;NA;;;;2,9;2,8;3,2;;;;28;;;19;14,9;23,8;;;;5;3;NA;NA;Q3W;NA;NA;3;;;;;;NCT01844505;Checkmate 067;Double-blinded;PubMed;IN;
Hodi_2018;SKCM;945;314;;antiCTLA4;antiPD1;NA;antiCTLA4;ICB;Ipilimumab;Nivolumab;NA;0,54;0,44;0,67;1;51,8;38,2;;19,9;16,9;24,6;0,42;0,35;0,51;11,5;8,7;19,3;2,9;2,8;3,2;53;;;58;52,6;63,8;;;;21;3;3;;Q3Wx4;Q2W;;3;;;;;;NCT01844505;Checkmate 067;Double-blinded;PubMed;IN;
Hodi_2018;SKCM;945;316;;antiPD1;NA;NA;antiCTLA4;ICB;Nivolumab;NA;NA;0,65;0,53;0,79;0;36,9;28,3;;19,9;16,9;24,6;0,53;0,44;0,64;6,9;5,1;10,2;2,9;2,8;3,2;46;;;45;39,1;50,3;;;;18;3;NA;NA;Q2W;NA;NA;3;;;;;;NCT01844505;Checkmate 067;Double-blinded;PubMed;IN;
Horn_2018;SCLC;403;202;;Chemotherapy;NA;NA;NA;NA;Carboplatin;NA;NA;;;;;10,3;;;;;;;;;4,3;;;;;;;;;;;;;;;;;;;;;;3;;;;;;NCT02763579;IMpower133;Double-blinded;PubMed;IN;
Horn_2018;SCLC;403;201;;antiPDL1;NA;NA;Chemotherapy;SOC;Atezolizumab;NA;NA;0,7;0,54;0,91;;12,3;;;10,3;;;0,77;0,62;0,96;5,2;;;4,3;;;;;;;;;;;;;1200;;;;;;3;;;;;;NCT02763579;IMpower133;Double-blinded;PubMed;IN;
Huang_2020;GC/GEJC;457;228;;antiPD1;NA;NA;Chemotherapy;SOC;Camrelizumab;NA;NA;0,71;0,57;0,87;0;8,3;0,68;9,7;6,2;5,7;6,9;;;;;;;;;;;;;;;;;;;;200;;;Q2W;;;3;;;;;;NCT03099382;ESCORT;Open-label;PubMed;IN;
Huang_2020;GC/GEJC;457;220;;Chemotherapy;NA;NA;NA;NA;Docetaxel/Irinotecan;NA;NA;;;;;6,2;5,7;6,9;;;;;;;;;;;;;;;;;;;;;;;75/180;;;Q3W/Q2W;;;3;;;;;;NCT03099382;ESCORT;Open-label;PubMed;IN;
Jotte_2020;NSCLC;1021;343;;antiPDL1;Chemotherapy;NA;Chemotherapy;SOC;Atezolizumab;Carboplatin/nab-Paclitaxel;NA;0,88;0,73;1,05;0;14,2;12,3;16,8;13,5;12,2;15,1;0,75;0,64;0,88;6,5;5,7;7,1;5,6;5,5;5,7;;;;;;;;;;;;;;;;;;;;;;;NCT02367794;IMpower131;Open-label;PubMed;IN;
Jotte_2020;NSCLC;1021;340;;Chemotherapy;NA;NA;NA;NA;Carboplatin/nab-Paclitaxel;NA;NA;;;;0;13,5;12,2;15,1;;;;;;;5,6;5,5;5,7;;;;;;;;;;;;;;;;;;;;;;;;;;NCT02367794;IMpower131;Open-label;PubMed;IN;
Kang_2017;GC/GEJC;493;330;;antiPD1;NA;NA;Placebo;;Nivolumab;NA;NA;0,63;0,51;0,78;0;5,26;4,6;6,37;4,14;3,42;4,86;;;;;;;;;;;;;;;;26,20;20,7;32;;3;;;Q3W;;;3;;;;;;NCT02267343;ATTRACTION-2;Double-blinded;PubMed;IN;
Kang_2017;GC/GEJC;493;163;;Placebo;NA;NA;NA;NA;NA;NA;NA;;;;0;4,14;3,42;4,86;;;;;;;;;;;;;;;;;;;10,9;6,2;17;;0;;;;;;3;;;;;;NCT02267343;ATTRACTION-2;Double-blinded;PubMed;IN;
Kato_2019;GC/GEJC;749;373;;antiPD1;Chemotherapy;NA;Chemotherapy;SOC;Pembrolizumab;Cisplatin/5-FU;NA;0,73;0,62;0,86;0;12,4;10,5;14;9,8;8,8;10,8;0,65;0,54;0,78;6,3;6,2;6,9;5,8;5;6,1;;;;45;39,9;50,2;;;;;200;80/800;;Q3W;Q1Dx5;;3;;;;;;NCT03189719;KEYNOTE-590;Double-blinded;PubMed;IN;
Kato_2019;GC/GEJC;749;376;;Chemotherapy;NA;NA;NA;NA;Cisplatin/5-FU;NA;NA;;;;0;9,8;8,8;10,8;;;;;;;5,8;5;6,1;;;;;;;29,3;24,7;34,1;;;;;80/800;;;Q1Dx5;;;3;;;;;;NCT03189719;KEYNOTE-590;Double-blinded;PubMed;IN;
Kato_2019b;GC/GEJC;419;210;;antiPD1;NA;NA;Chemotherapy;SOC;Nivolumab;NA;NA;0,77;0,62;0,96;0;10,5;4,5;19;8;4,6;15,2;;;;1,7;1,5;2,7;3,4;3;4,2;;;;;;;;;;;240;;;Q3W;;;3;;;;;;NCT02569242;ATTRACTION-3;Open-label;PubMed;IN;
Kato_2019b;GC/GEJC;419;409;;Chemotherapy;NA;NA;NA;NA;Paclitaxel/Docetaxel;NA;NA;;;;0;8;4,6;15,2;;;;;;;3,4;3;4,2;;;;;;;;;;;;;;75/100;;;Q3W/Q1Wx6;;;3;;;;;;NCT02569242;ATTRACTION-3;Open-label;PubMed;IN;
Kojima_2020;GC/GEJC;628;314;;antiPD1;NA;NA;Chemotherapy;SOC;Pembrolizumab;NA;NA;0,89;0,75;1,05;0;7,1;6,2;8,1;7,1;6,3;8;1,11;0,94;1,31;2,1;2,1;2,2;3,4;3,4;3,9;;;;13,1;9,5;17,3;;;;;200;;;;;;3;;;;;;NCT02564263;KEYNOTE-181;Open-label;PubMed;IN;
Kojima_2020;GC/GEJC;628;314;;Chemotherapy;NA;NA;NA;NA;ICC;NA;NA;;;;0;7,1;6,3;8;;;;;;;3,4;3,4;3,9;;;;;;;6,7;4,2;10;;;;;;;;;;;3;;;;;;NCT02564263;KEYNOTE-181;Open-label;PubMed;IN;
Langer_2016;NSCLC;123;63;;Carboplatin;Pemetrexed;NA;NA;NA;Carboplatin;Pemetrexed;NA;;;;;;;;;;;;;;8,9;4,4;10,3;;;;;;;;;;;;;;;;;;;;2;;;;;;NCT02039674;KEYNOTE-021;Open-label;;FO_PH2;
Langer_2016;NSCLC;123;60;;antiPD1;Chemotherapy;NA;Chemotherapy;SOC;Pembrolizumab;Carboplatin;Pemetrexed;0,9;0,42;1,91;;;;;;;;0,53;0,31;0,91;13;8,3;;8,9;4,4;10,3;;;;;;;;;;;;;;;;;2;;;;;;NCT02039674;KEYNOTE-021;Open-label;;FO_PH2;
Larkin_2015;SKCM;945;311;;antiCTLA4;antiPD1;NA;antiCTLA4;ICB;Ipilimumab;Nivolumab;NA;;;;;;;;;;;0,42;0,31;0,57;11,5;8,9;16,7;2,9;2,8;3,4;;;;57,6;52;63,2;;;;;3;1;;Q3Wx4;Q3W;;3;;;12,5;;;NCT01844505;CheckMate 067;Double-blinded;PubMed;FO_DR;
Larkin_2015;SKCM;945;313;;antiCTLA4;NA;NA;NA;NA;Ipilimumab;NA;NA;;;;;;;;;;;;;;2,9;2,8;3,4;;;;;;;19;14,9;23,8;;;;;3;;;Q3Wx4;;;3;;;12,5;;;NCT01844505;CheckMate 067;Double-blinded;PubMed;FO_DR;
Larkin_2015;SKCM;945;313;;antiPD1;NA;NA;antiCTLA4;ICB;Nivolumab;NA;NA;;;;;;;;;;;0,57;0,43;0,76;6,9;4,3;9,5;2,9;2,8;3,4;;;;43,7;38,1;49,3;;;;;3;;;Q2W;;;3;;;12,5;;;NCT01844505;CheckMate 067;Double-blinded;PubMed;FO_DR;
Kwon_2014;MCRPC;799;399;;antiCTLA4;Radiotherapy;NA;Radiotherapy;SOC;Ipilimumab;NA;NA;0,85;0,72;1;0;11,2;9,5;12,7;10;8,3;11;0,7;0,61;0,82;4;3,6;4,3;3,1;2,9;3,4;;;;;;;;;;;;;;;;;;;;;;;NCT00861614;CA184-043;Double-blinded;PubMed;IN;
Kwon_2014;MCRPC;799;400;;Radiotherapy;NA;NA;NA;NA;NA;NA;NA;;;;0;10;8,3;11;;;;;;;3,1;2,9;3,4;;;;;;;;;;;;;;;;;;;;;;;;;;NCT00861614;CA184-043;Double-blinded;PubMed;IN;
Lee_2021;NSCLC;697;350;;antiPDL1;Chemotherapy;Radiotherapy;Chemotherapy;SOC;Avelumab;NA;NA;;;;;;;;;;;1,21;0,93;1,57;;;;;;;;;;;;;;;;;;;;;;;3;;;;;;NCT02952586;;Double-blinded;;FO_TF;
Lee_2021;NSCLC;697;347;;Chemotherapy;Radiotherapy;NA;NA;NA;NA;NA;NA;;;;;;;;;;;;;;;;;;;;;;;;;;;;;;;;;;;;3;;;;;;NCT02952586;;Double-blinded;;FO_TF;
Liano_2014;MCRPC;602;399;;antiCTLA4;NA;NA;Placebo;SOC;Ipilimumab;NA;NA;1,11;0,88;1,39;0;28,65;24,48;32,46;29,73;26,12;34,17;0,67;0,55;0,8;5,59;5,32;6,28;3,81;2,76;4,11;;;;;;;;;;;10;;;Q3Wx4+Q12W;;;3;;;;;;NCT01057810;;Double-blinded;;FO_DR;
Liano_2014;MCRPC;602;199;;Placebo;NA;NA;NA;NA;NA;NA;NA;;;;0;29,73;26,12;34,17;;;;;;;3,81;2,76;4,11;;;;;;;;;;;;;;;;;;;;3;;;;;;NCT01057810;;Double-blinded;;FO_DR;
Larkin_2017;SKCM;405;272;;antiPD1;NA;NA;Chemotherapy;SOC;Nivolumab;NA;NA;0,95;0,73;1,24;0;15,7;12,9;19,9;14,4;11,7;18,2;1;0,78;1,436;3,1;2,3;3,5;3,7;2,3;5,3;38,7;32,8;44,5;27;;;58,9;52,8;64,5;6;3;NA;NA;Q2W;NA;NA;3;;;;;;NCT01721746;Checkmate 037;Open-label;PubMed;IN;
Larkin_2017;SKCM;405;133;;ICC;NA;NA;NA;NA;ICC;NA;NA;;;;0;14,4;11,7;18,2;NA;NA;NA;;;;3,7;2,3;5,3;;;;33,9;25,8;42,1;10;;;55,1;46,1;63,3;1;;NA;NA;Q3W;NA;NA;3;;;;;;NCT01721746;Checkmate 037;Open-label;PubMed;IN;
Maio_2017;MM;571;382;;antiCTLA4;NA;NA;Placebo;SOC;Tremelimumab;NA;NA;0,92;0,76;1,12;0;7,7;6,8;8,9;7,3;5,9;8,7;0,81;0,68;0,98;2,67;2,66;2,76;;;;;;;4,5;2,6;7;;;;;10;NA;NA;Q4Wx7+Q12W;;;2b;;;;;;NCT01843374;;;;FO_PH2;
Miles_2021;TNBC;651;220;;Chemotherapy;NA;NA;NA;SOC;Paclitaxel;NA;NA;;;;1;22,8;19,06;;;;;;;;5,68;5,42;7,16;;;;;;;;;;74,86;67,53;82,18;;;;;;;;;;;;;;NCT03125902;IMpassion131;Double-blinded;NCT;IN;
Miles_2021;TNBC;651;431;;antiPDL1;Chemotherapy;NA;Chemotherapy;NA;Atezolizumab;Paclitaxel;NA;1,31;0,94;1,82;1;18,07;15,9;;22,8;19,06;;0,86;0,7;1,05;5,55;5,36;6,51;5,68;5,42;7,16;;;;;;;68,32;62,7;73,94;;;;;;;;;;;;;;NCT03125902;IMpassion131;Double-blinded;NCT;IN;
Long_2019;SKCM;706;352;;antiPD1;NA;NA;NA;NA;Pembrolizumab;NA;NA;;;;1;14,5;;;NA;;;;;;4,9;2,9;6,8;;;;74,1;83,2;90,3;32;;;;;;;200;NA;NA;Q3W;NA;NA;3;;;;;;NCT02752074;ECHO-301;Double-blinded;PubMed;IN;
Long_2019;SKCM;706;354;;antiPD1;IDOi;NA;antiPD1;ICB;Pembrolizumab;Epacadostat;NA;1,13;0,86;1,49;1;14,5;;;14,5;;;1;0,83;1,21;4,7;2,9;6,8;4,9;2,9;6,8;74,4;69,4;78,7;34;;;;;;;200+100;;;Q3W;Q12H;;3;;;;;;NCT02752074;ECHO-301;Double-blinded;PubMed;IN;
Mok_2019;NSCLC;1274;637;;antiPD1;NA;NA;Chemotherapy;SOC;Pembrolizumab;NA;NA;0,81;0,71;0,93;0;16,7;13,9;19,7;12,1;11,3;13,3;1,07;0,94;1,21;5,4;4,3;6,2;6,5;6,3;7;;;;27,3;23,9;31;;;;;200;;;Q3W;;;3;;;;;;NCT02220894;KEYNOTE-042;Open-label;PubMed;IN;
Mok_2019;NSCLC;1274;637;;Chemotherapy;NA;NA;NA;NA;ICC;NA;NA;;;;0;12,1;11,3;13,3;;;;;;;6,5;6,3;7;;;;;;;26,5;23,1;30,1;;;;;;;;;;;3;;;;;;NCT02220894;KEYNOTE-042;Open-label;PubMed;IN;
Motzer_2015;RCC;821;410;;antiPD1;NA;NA;Everolimus;SOC;Nivolumab;NA;NA;0,73;0,57;0,93;;25;21,8;;19,6;17,6;23,1;0,88;0,75;1,03;4,6;3,7;5,4;4,4;3,7;5,5;;;;25;;;;;;;3;;;Q2W;;;3;;;;;;NCT01668784;CheckMate 025;Open-label;PubMed;IN;
Motzer_2015;RCC;821;411;;Everolimus;NA;NA;NA;NA;Everolimus;NA;NA;;;;;19,6;17,6;23,1;;;;;;;4,4;3,7;5,5;;;;;;;5;;;;;;;10;;;Q1D;;;3;;;;;;NCT01668784;CheckMate 025;Open-label;PubMed;IN;
Motzer_2019;RCC;1096;550;;antiCTLA4;antiPD1;NA;SOC;SOC;Ipilimumab;Nivolumab;NA;0,71;0,59;0,86;1;;;;;;;0,85;0,73;0,98;9,7;8,1;11,1;9,7;8,3;11,1;;;;41;;;;;;;;;;;;;;;;;;;NCT02231749;Checkmate 214;Open-label;PubMed;IN;
Motzer_2019;RCC;1096;546;;SOC;NA;NA;NA;NA;Sunitinib;NA;NA;;;;0;37,9;;;;;;;;;9,7;8,3;11,1;;;;;;;34;;;;;;;;;;;;;;;;;;;NCT02231749;Checkmate 214;Open-label;PubMed;IN;
Balar_2018;MUC;93;44;;antiPD1;IDOi;NA;ICB;SOC;Pembrolizumab;Epacadostat;NA;;;;;;;;;;;;;;;;;;;;;;;31,8;22,46;55,24;;;;;;;;;;;3;;;;;;NCT03361865;ECHO-307;Double-blinded;NCT;IN;
Balar_2018;MUC;93;49;;antiPD1;NA;NA;NA;NA;Pembrolizumab;NA;NA;;;;;;;;;;;;;;;;;;;;;;;24,5;15,44;43,67;;;;;;;;;;;3;;;;;;NCT03361865;ECHO-307;Double-blinded;NCT;IN;
Motzer_2019b;RCC;886;444;;Axitinib;NA;NA;NA;NA;Axitinib;NA;NA;;;;;;;;;;;;;;7,2;5,7;9,7;;;;;;;25,7;21,7;30;;;;;5;NA;NA;;;;3;;;;;;NCT02684006;JAVELIN Renal 101;Open-label;PubMed;IN;
Motzer_2019b;RCC;886;442;;antiPDL1;Axitinib;NA;Axitinib;SOC;Avelumab;Axitinib;NA;0,78;0,55;1,09;;;;;;;;0,61;0,475;0,79;13,8;11,1;;7,2;5,7;9,7;;;;51,4;46,6;56,1;;;;;10;5;NA;Q2W;;;3;;;;;;NCT02684006;JAVELIN Renal 101;Open-label;PubMed;IN;
Paz_Ares_2019;SCLC;805;268;;antiCTLA4;antiPDL1;Chemotherapy;Chemotherapy;SOC;Tremelimumab;Durvalumab;ICC;0,82;0,682;0,995;0;10,4;9,6;12;10,5;9,3;11,2;0,84;0,696;1,005;4,9;4,7;5,9;5,4;4,8;6,2;;;;74,2;;;;;;;;;;;;;3;;;;;;NCT03043872;CASPIAN;Open-label;;IN;
Paz_Ares_2019;SCLC;805;268;;antiPDL1;Chemotherapy;NA;Chemotherapy;SOC;Durvalumab;ICC;NA;0,75;0,625;0,91;0;12,9;11,3;14,7;10,5;9,3;11,2;0,8;0,665;0,959;5,1;4,7;6,2;5,4;4,8;6,2;;;;79,5;;;;;;;;;;;;;3;;;;;;NCT03043872;CASPIAN;Open-label;;IN;
Paz_Ares_2019;SCLC;805;269;;Chemotherapy;NA;NA;NA;NA;ICC;NA;NA;;;;0;10,5;9,3;11,2;;;;;;;5,4;4,8;6,2;;;;;;;70,6;;;;;;;;;;;;;3;;;;;;NCT03043872;CASPIAN;Open-label;;IN;
Paz_Ares_2021;NSCLC;719;361;;antiCTLA4;antiPD1;Chemotherapy;Chemotherapy;SOC;Ipilimumab;Nivolumab;ICC;0,69;0,56;0,86;0;14,13;13,24;16,16;10,74;9,46;12,45;0,7;0,58;0,84;6,83;5,55;7,66;4,96;4,27;5,55;;;;37,7;32,7;42,9;;;;;1;360;;Q6W;Q3W;;3;;;;;;NCT03215706;CheckMate 9LA;Open-label;NCT;FO_TF;
Paz_Ares_2021;NSCLC;719;358;;Chemotherapy;NA;NA;NA;NA;ICC;NA;NA;;;;0;10,74;9,46;12,45;;;;;;;4,96;4,27;5,55;;;;;;;25,1;20,7;30;;;;;;;;;;;3;;;;;;NCT03215706;CheckMate 9LA;Open-label;NCT;FO_TF;
Peters_2017;NSCLC;659;139;;antiPDL1;NA;NA;NA;NA;Atezolizumab;NA;NA;;;;0;23,5;;;;;;;;;5,4;;;;;;;;;25;;;66,4;;;0;;NA;NA;;NA;NA;2;;;;;;NCT02031458;BIRCH;Open-label;;FO_PH2;
Peters_2017;NSCLC;659;268;;antiPDL1;NA;NA;NA;NA;Atezolizumab;NA;NA;;;;0;15,5;;;;;;;;;2,8;;;;;;;;;20;;;58,1;;;1,1;;NA;NA;;NA;NA;2;;;;;;NCT02031458;BIRCH;Open-label;;FO_PH2;
Peters_2017;NSCLC;659;252;;antiPDL1;NA;NA;NA;NA;Atezolizumab;NA;NA;;;;0;13,2;;;;;;;;;2,8;;;;;;;;;20;;;52,3;;;1,2;;NA;NA;;NA;NA;2;;;;;;NCT02031458;BIRCH;Open-label;;FO_PH2;
NCT02545075;SKCM;182;122;;antiCTLA4;NA;NA;Chemotherapy;SOC;Ipilimumab;NA;NA;1,13;0,87;1,45;0;15,08;12,91;16,1;14,55;13,37;19,19;0,9;0,71;1,15;2,6;2,6;2,63;;;;33,98;28,36;39,67;;;;;;;;3;;;Q3Wx4;;;3;;;;;;NCT02545075;;Open-label;NCT;IN;
NCT02545075;;182;60;;Chemotherapy;NA;NA;NA;NA;Dacarbazine;NA;NA;;;;;14,55;13,37;19,19;;;;;;;1,84;1,41;2,63;;;;34,09;25,72;42,62;;;;;;;;250;;;5Q3Wx8;;;3;;;;;;NCT02545075;;Open-label;NCT;IN;
Owonikoko_2021;SCLC;834;275;;Placebo;NA;NA;NA;NA;Placebo;NA;NA;;;;0;9,56;8,18;11,01;;;;;;;1,45;1,41;1,48;;;;;;;;;;;;;;0;;;;;;3;;;;;;NCT02538666;CheckMate 451;Double-blinded;NCT;IN;
Owonikoko_2021;SCLC;834;280;;antiPD1;NA;NA;Placebo;Placebo;Nivolumab;NA;NA;0,84;0,69;1,02;;10,41;9,46;12,12;9,56;8,18;11,01;0,67;0,56;0,81;1,87;1,61;2,63;;;;;;;;;;;;;;240;;;Q2W;;;3;;;;;;NCT02538666;CheckMate 451;Double-blinded;NCT;IN;
Owonikoko_2021;SCLC;834;279;;antiCTLA4;antiPD1;NA;Placebo;Placebo;Ipilimumab;Nivolumab;NA;0,92;0,75;1,12;0;9,17;8,15;10,25;9,56;8,18;11,01;0,72;0,6;0,87;1,74;1,48;2,63;;;;;;;;;;;;;;3;1;;Q3W+Q2W;;;3;;;;;;NCT02538666;CheckMate 451;Double-blinded;NCT;IN;
Papadimitrakopoulou_2018;NSCLC;578;286;;Chemotherapy;NA;NA;NA;NA;ICC;NA;NA;;;;0;13,6;11,4;15,5;;;;;;;5,2;4,3;5,6;;;;;;;32,2;;;55,4;49,5;61,2;;;;NA;;;NA;3;;;;;;NCT02657434;IMpower132;Open-label;NCT;IN;
Postow_2015;SKCM;142;;;antiCTLA4;NA;NA;NA;NA;Ipilimumab;NA;NA;;;;;;;;;;;;;;4,4;;;;;;;;;11;;;;;;;3;;;Q3Wx4;Q2W;;2;;;;;;NCT01927419;;Double-blinded;;FO_PH2;
Postow_2015;SKCM;142;;;antiCTLA4;antiPD1;NA;antiCTLA4;ICB;Ipilimumab;Nivolumab;NA;;;;;;;;;;;0,4;0,23;0,68;;;;;;;;;;61;;;;;;;3;1;;Q3Wx4;;;2;;;;;;NCT01927419;;Double-blinded;;FO_PH2;
Powles_2017;MUC;191;;;antiPDL1;NA;NA;NA;NA;Durvalumab;NA;NA;;;;0;18,2;;;;;;;;;1,5;;;;;;;;;17,8;;;55;;;3,6;;NA;NA;;NA;NA;1;;;;;;NCT01693562;;;;FO_PH2;
Papadimitrakopoulou_2018;NSCLC;578;292;;antiPDL1;Chemotherapy;NA;Chemotherapy;SOC;Atezolizumab;ICC;NA;0,813;0,644;1,025;0;18,1;13;;13,6;11,4;15,5;0,596;0,494;0,719;7,6;6,6;8,5;5,2;4,3;5,6;;;;46,9;;;59,6;53,9;65,3;;1200;;NA;;;NA;3;;;;;;NCT02657434;IMpower132;Open-label;NCT;IN;
Paz_Ares_2018;NSCLC;559;281;;Chemotherapy;NA;NA;NA;NA;NA;NA;NA;;;;;11,3;;;;;;;;;4,8;4,3;5,7;;;;;;;;;;;;;;;;;;;;3;;;;;;NCT02775435;KEYNOTE-407;Double-blinded;PubMed;IN;
Paz_Ares_2018;NSCLC;559;278;;antiPD1;Chemotherapy;NA;Chemotherapy;SOC;Pembrolizumab;NA;NA;0,64;0,49;0,85;;15,9;13,2;11,3;11,3;;;0,56;0,45;0,7;6,4;6,2;8,3;4,8;4,3;5,7;;;;;;;;;;;;;;;;;3;;;;;;NCT02775435;KEYNOTE-407;Double-blinded;PubMed;IN;
Planchard_2020;NSCLC;126;62;;antiPDL1;NA;NA;SOC;SOC;Durvalumab;NA;NA;0,63;0,42;0,93;;11,7;;;6,8;;;0,71;0,49;1,04;3,8;;;2,2;;;;;;35,5;;;49,3;;;;;;;;;;3;;;;;;NCT02352948;ARCTIC;Open-label;NCT;IN;
Planchard_2020;NSCLC;126;64;;SOC;NA;NA;NA;NA;SOC;NA;NA;;;;;6,8;;;;;;;;;2,2;;;;;;;;;12,5;;;31,3;;;;;;;;;;3;;;;;;NCT02352948;ARCTIC;Open-label;NCT;IN;
Planchard_2020;NSCLC;469;174;;antiCTLA4;antiPDL1;NA;SOC;SOC;Tremelimumab;Durvalumab;NA;0,8;0,61;1,05;0;11,5;;;8,7;;;0,77;0,59;1,01;3,5;;;3,5;;;;;;14,9;;;49,5;;;;;;;;;;3;;;;;;NCT02352948;ARCTIC;Open-label;NCT;IN;
Planchard_2020;NSCLC;469;118;;SOC;NA;NA;NA;NA;SOC;NA;NA;;;;;8,7;;;;;;;;;3,5;;;;;;;;;6,8;;;38,8;;;;;;;;;;3;;;;;;NCT02352948;ARCTIC;Open-label;NCT;IN;
Popat_2020;MM;144;73;;antiPD1;NA;NA;NA;SOC;Pembrolizumab;NA;NA;1,12;0,74;1,69;0;10,7;7,6;15;12,4;7,4;16,1;1,06;0,73;1,53;2,5;2,1;4,2;3,4;2,2;4,3;;;;22;13;33;;;;;200;;;Q3W;;;3;;;;;;NCT02991482;PROMISE-meso;Open-label;PubMed;IN;
Popat_2020;MM;144;73;;Chemotherapy;NA;NA;NA;NA;Gemcitabine/Vinorelbine;NA;NA;;;;;12,4;7,4;16,1;;;;;;;3,4;2,2;4,3;;;;;;;6;2;14;;;;;1000/60;;;Q3W;;;3;;;;;;NCT02991482;PROMISE-meso;Open-label;PubMed;IN;
Powles_2021;MUC;1010;351;;antiPD1;Chemotherapy;NA;Chemotherapy;SOC;Pembrolizumab;ICC;NA;0,86;0,72;1,02;0;17;14,5;19,5;14,3;12,3;16,7;0,78;0,65;0,93;8,3;7,5;8,5;7,1;6,4;7,9;;;;;;;;;;;200;;;Q3W;;;3;;;;;;NCT02853305;KEYNOTE-361;Open-label;;FO_TF;
Powles_2021;MUC;1010;307;;antiPD1;NA;NA;Chemotherapy;SOC;Pembrolizumab;NA;NA;;;;0;;;;;;;;;;;;;;;;;;;;;;;;;;200;;;Q3W;;;3;;;;;;NCT02853305;KEYNOTE-361;Open-label;;FO_TF;
Powles_2021;MUC;1010;352;;Chemotherapy;NA;NA;NA;NA;ICC;NA;NA;;;;0;14,3;12,3;16,7;;;;;;;7,1;6,4;7,9;;;;;;;;;;;;;;;;;;;;3;;;;;;NCT02853305;KEYNOTE-361;Open-label;;FO_TF;
Powles_2018a;MUC;931;464;;Chemotherapy;NA;NA;NA;NA;ICC;NA;NA;;;;;8;7,2;8,6;;;;;;;2,1;2,1;2,2;;;;;;;;;;;;;;1200;;;Q3W;;;3;;;;;;NCT02302807;IMvigor211;Open-label;PubMed;IN;
Powles_2018a;MUC;931;467;;antiPDL1;NA;NA;Chemotherapy;SOC;Atezolizumab;NA;NA;0,85;0,73;0,99;;8,6;7,8;9,6;8;7,2;8,6;;;;;;;;;;;;;;;;;;;;;;;;;;;;;;;;NCT02302807;IMvigor211;Open-label;PubMed;IN;
Powles_2020;MUC;1032;346;;antiPDL1;NA;NA;Chemotherapy;SOC;Durvalumab;NA;NA;0,89;0,71;1,11;;14,4;10,4;17,3;12,1;10,4;15;1,33;1,124;1,567;2,3;1,9;3,5;6,7;5,7;7,3;;;;;;;;;;;;;;;;;3;;;;;;NCT02516241;DANUBE;Open-label;PubMed;IN;
Powles_2020;MUC;1032;342;;antiCTLA4;antiPDL1;NA;Chemotherapy;SOC;Tremelimumab;Durvalumab;NA;0,85;0,72;1,02;;15,1;13,1;18;12,1;10,4;15;1,1;0,931;1,304;3,7;3,4;3,8;6,7;5,7;7,3;;;;;;;;;;;;;;;;;3;;;;;;NCT02516241;DANUBE;Open-label;PubMed;IN;
Powles_2020;MUC;1032;344;;Chemotherapy;NA;NA;NA;NA;ICC;NA;NA;;;;;12,1;10,4;15;;;;;;;;;;;;;;;;;;;;;;;;;;;;;3;;;;;;NCT02516241;DANUBE;Open-label;PubMed;IN;
Powles_2020b;MUC;700;350;;antiPDL1;NA;NA;SOC;SOC;Avelumab;NA;NA;0,69;0,556;0,863;0;21,4;18,9;26,1;14,3;12,9;17,9;;;;3,7;3,5;5,5;2;1,9;2,7;;;;;;;;;;;;;;;;;;;;;;;NCT02603432;JAVELIN Bladder 100;Open-label;NCT;IN;
Powles_2020b;MUC;700;350;;SOC;NA;NA;NA;NA;SOC;NA;NA;;;;0;14,3;12,9;17,9;;;;;;;2;1,9;2,7;;;;;;;;;;;;;;;;;;;;;;;;;;NCT02603432;JAVELIN Bladder 100;Open-label;NCT;IN;
Pujade_Lauraine_2021;OC;566;188;;antiPDL1;NA;NA;Chemotherapy;SOC;Avelumab;NA;NA;1,14;0,867;1,497;0;11,8;8,9;14,1;13,1;11,8;15,5;1,68;1,31;2,16;1,9;1,8;1,9;3,5;2,1;4;;;;3,7;1,5;7,5;;;;;;;;;;;;;;;;;NCT02580058;JAVELIN Ovarian 200;Open-label;NCT;IN;
Pujade_Lauraine_2021;OC;566;188;;antiPDL1;Chemotherapy;NA;Chemotherapy;SOC;Avelumab;PLD;NA;0,89;0,672;1,179;0;15,7;12,7;18,7;13,1;11,8;15,5;0,78;0,607;1,011;3,7;3,3;5,1;3,5;2,1;4;;;;13,3;8,8;19;;;;;;;;;;;;;;;;;NCT02580058;JAVELIN Ovarian 200;Open-label;NCT;IN;
Pujade_Lauraine_2021;OC;566;190;;Chemotherapy;NA;NA;NA;NA;PLD;NA;NA;;;;0;13,1;11,8;15,5;;;;;;;3,5;2,1;4;;;;;;;4,2;1,8;8,1;;;;;;;;;;;;;;;;;NCT02580058;JAVELIN Ovarian 200;Open-label;NCT;IN;
Reck_2016a;NSCLC;305;151;;Chemotherapy;NA;NA;NA;NA;Carboplatin;Pemetrexed;NA;;;;1;20;;;;;;;;;6;4,2;6,2;;;;72,4;64,5;78,9;27,8;20,8;35,7;;;;;;;;;;;3;;;;;;NCT02142738;KEYNOTE-024;Open-label;PubMed;IN;
Reck_2016a;NSCLC;305;154;;antiPD1;NA;NA;Chemotherapy;SOC;Pembrolizumab;NA;NA;0,6;0,41;0,89;1;20;;;20;;;0,5;0,37;0,68;10,3;6,7;;6;4,2;6,2;80,2;72,9;85,7;44,8;36,8;53;;;;;200;NA;NA;Q3W;NA;NA;3;;18;;;;NCT02142738;KEYNOTE-024;Open-label;PubMed;IN;
Reck_2016b;SCLC;1132;566;;antiCTLA4;Chemotherapy;NA;Chemotherapy;SOC;Ipilimumab;ICC;NA;0,961;0,838;1,102;;10,22;9,59;10,81;9,95;9,33;10,94;0,851;0,747;0,971;4,63;4,5;4,99;4,44;4,37;4,63;;;;;;;;;;;10;;;Q3Wx4;;;3;;;;;;NCT01450761;;Double-blinded;PubMed;IN;
Reck_2016b;SCLC;566;566;;Chemotherapy;NA;NA;NA;NA;ICC;NA;NA;;;;;9,95;9,33;10,94;;;;;;;4,44;4,37;4,63;;;;;;;;;;;;;;;;;;;;3;;;;;;NCT01450761;;Double-blinded;PubMed;IN;
Ribas_2013;SKCM;655;328;;antiCTLA4;NA;NA;Chemotherapy;SOC;Tremelimumab;NA;NA;0,88;0,7;1,1;0;12,6;10,8;14,3;10,7;9,36;11,96;;;;;;;;;;;;;;;;;;;;;;;;;;;;;;;;NCT00257205  ;;Open-label;PubMed;IN;
Ribas_2013;SKCM;655;327;;Chemotherapy;NA;NA;NA;NA;ICC;NA;NA;;;;0;10,7;9,36;11,96;;;;;;;;;;;;;;;;;;;;;;;;;;;;;;;;;;;NCT00257205  ;;Open-label;PubMed;IN;
Rini_2019;RCC;915;454;;antiPDL1;antiVEGF;NA;Sunitinib;SOC;Atezolizumab;Bevacizumab;NA;0,93;0,76;1,14;1;;;;;;;;;;;;;;;;;;;;;;;;;;;;;;;;;;;;;;NCT02420821;IMmotion151;Open-label;PubMed;IN;
Rini_2019;RCC;915;461;;Sunitinib;NA;NA;NA;NA;Sunitinib;NA;NA;;;;1;;23,3;;;;;;;;;;;;;;;;;;;;;;;;;;;;;;;;;;;;NCT02420821;IMmotion151;Open-label;PubMed;IN;
Rini_2019b;RCC;861;432;;antiPD1;Axitinib;NA;Sunitinib;SOC;Pembrolizumab;Axitinib;NA;0,53;0,38;0,74;1;;;;;;;0,69;0,56;0,84;15,1;12,6;17,7;11;8,7;12,5;;;;59,3;54,5;63,9;;;;;200;5;;Q3W;2Q1D;;3;;;;;;NCT02853331;KEYNOTE-426;Open-label;PubMed;IN;
Rini_2019b;RCC;861;429;;SOC;NA;NA;NA;NA;Sunitinib;NA;NA;;;;;;;;;;;;;;11;8,7;12,5;;;;;;;35,7;31,1;40,4;;;;;50;;;;;;3;;;;;;NCT02853331;KEYNOTE-426;Open-label;PubMed;IN;
Rittmeyer_2017;NSCLC;1225;425;;Docetaxel;NA;NA;NA;NA;Docetaxel;NA;NA;;;;0;9,6;8,6;11,2;NA;NA;NA;;;;4;3,3;4,2;;;;;;;13;;;;;;1;75;NA;NA;Q3W;NA;NA;3;;;;;;NCT02008227;OAK;Open-label;PubMed;IN;
Rittmeyer_2017;NSCLC;1225;425;;antiPDL1;NA;NA;Chemotherapy;SOC;Atezolizumab;NA;NA;0,73;0,62;0,87;0;13,8;11,8;15,7;9,6;8,6;11,2;0,95;0,82;1,1;2,8;2,6;3;4;3,3;4,2;;;;14;;;;;;2;1200;NA;NA;Q3W;NA;NA;3;;;;;;NCT02008227;OAK;Open-label;PubMed;IN;
Rosenberg_2016;MUC;310;310;;antiPDL1;NA;NA;NA;NA;Atezolizumab;NA;NA;;;;0;7,9;6,6;9,3;;;;;;;2,1;2,1;2,1;;;;;;;15;11;19;36;30;41;5;1200;NA;NA;Q3W;NA;NA;2;;16;;;;NCT02108652;;;;FO_PH2;
Rizvi_2020;NSCLC;1118;374;;antiPDL1;NA;NA;Chemotherapy;SOC;Durvalumab;NA;NA;0,96;0,812;1,128;0;12,3;10,1;14,9;11,8;10,5;13,3;1,24;1,043;1,475;2,8;2,6;3,1;5,4;4,8;5,6;;;;22,2;;;;;;;;;;;;;3;;;;;;NCT02453282;MYSTIC;Open-label;NCT;IN;
Rizvi_2020;NSCLC;1118;372;;antiCTLA4;antiPDL1;NA;Chemotherapy;SOC;Tremelimumab;Durvalumab;NA;0,94;0,794;1,103;0;11,2;9,5;12,9;11,8;10,5;13,3;1,25;1,054;1,485;2,9;2,6;3,4;5,4;4,8;5,6;;;;24,7;;;;;;;;;;;;;3;;;;;;NCT02453282;MYSTIC;Open-label;NCT;IN;
Sampson_2016;GBM;560;280;;antiPD1;Radiotherapy;NA;Chemoradiotherapy;SOC;Nivolumab;RT;NA;1,31;1,09;1,58;0;13,4;12,62;14,29;14,88;13,27;16,13;1,38;1,15;1,65;6,01;5,65;6,21;6,21;5,91;6,74;10,3;6,8;14,6;;;;;;;;;;;;;;3;;;;;;NCT02617589;CheckMate 498;Open-label;;FO_TF;
Sampson_2016;GBM;560;280;;Chemotherapy;Radiotherapy;NA;NA;NA;Temozolomide;RT;NA;;;;0;14,88;13,27;16,13;;;;;;;6,21;5,91;6,74;;;;21,2;16,4;26,5;;;;;;;;;;;;;;3;;;;;;NCT02617589;CheckMate 498;Open-label;;FO_TF;
Rizvi_2020;NSCLC;1118;372;;Chemotherapy;NA;NA;NA;NA;NA;NA;NA;;;;0;11,8;10,5;13,3;;;;;;;5,4;4,8;5,6;;;;;;;30,1;;;;;;;;;;;;;3;;;;;;NCT02453282;MYSTIC;Open-label;NCT;IN;
Robert_2011;SKCM;502;250;;antiCTLA4;Chemotherapy;NA;Chemotherapy;SOC;Ipilimumab;Dacarbazine;NA;0,716;0,588;0,872;;;;;;;;0,76;;;2,76;2,63;3,29;;;;20,8;15,7;26,1;15,2;11;20,3;;;;;10;850;;Q3Wx10+Q12W;Q3Wx22;;3;;36;;;;NCT00324155;;Double-blinded;PubMed;IN;
Robert_2011;SKCM;502;252;;Chemotherapy;NA;NA;NA;NA;Dacarbazine;NA;NA;;;;;;;;;;;;;;2,6;2,56;2,66;;;;;;;10,3;6,9;14,8;;;;;850;;;Q3Wx22;;;3;;36;;;;NCT00324155;;Double-blinded;PubMed;IN;
Robert_2014;SKCM;422;210;;antiPD1;NA;NA;Chemotherapy;SOC;Nivolumab;NA;NA;0,42;0,25;0,73;1;16;;;10,8;9,3;12,1;0,43;0,34;0,56;5,1;2,5;10,8;2,2;;;;;;40;33,3;47;72,9;65,5;78,9;;3;NA;NA;Q3W;NA;NA;3;;;8,9;;;NCT01721772;CheckMate 066;Double-blinded;PubMed;IN;
Robert_2014;SKCM;422;208;;Dacarbazine;NA;NA;NA;NA;Dacarbazine;NA;NA;;;;0;10,8;9,3;12,1;;;;;;;2,2;;;;;;;;;13,9;9,5;19,4;42,1;33;50,9;;1000;NA;NA;Q3W;NA;NA;3;;;6,8;;;NCT01721772;CheckMate 066;Double-blinded;PubMed;IN;
Sezer_2021;NSCLC;563;283;;antiPD1;NA;NA;Chemotherapy;SOC;Cemiplimab;NA;NA;0,57;0,42;0,77;1;;17,9;;14,2;11,2;17,5;0,54;0,43;0,68;8,2;6,1;8,8;5,7;4,5;6,2;;;;;;;;;;;350;;;Q3W;;;3;;;;;;NCT03088540;EMPOWER-Lung 1;Open-label;;FO_TF;
Sezer_2021;NSCLC;563;280;;Chemotherapy;NA;NA;NA;NA;ICC;NA;NA;;;;0;14,2;11,2;17,5;;;;;;;5,7;4,5;6,2;;;;;;;;;;;;;;;;;;;;3;;;;;;NCT03088540;EMPOWER-Lung 1;Open-label;;FO_TF;
Rudin_2020;SCLC;453;228;;antiPD1;Chemotherapy;NA;Chemotherapy;SOC;Pembrolizumab;Etoposide/Platinum;NA;0,8;0,64;0,98;0;10,8;9,2;12,9;9,7;8,6;10,7;0,75;0,61;0,91;4,8;4,3;5,4;4,3;4,2;4,5;;;;70,6;64,2;76,4;;;;;200;;;Q3W;;;3;;;;;;NCT03066778;KEYNOTE-604;Double-blinded;PubMed;IN;
Rudin_2020;SCLC;453;225;;Chemotherapy;NA;NA;NA;NA;Etoposide/Platinum;NA;NA;;;;0;9,7;8,6;10,7;;;;;;;4,3;4,2;4,5;;;;;;;61,8;55,1;68,2;;;;;;;;;;;3;;;;;;NCT03066778;KEYNOTE-604;Double-blinded;PubMed;IN;
Schachter_2017;SKCM;834;278;;antiCTLA4;NA;NA;NA;NA;Ipilimumab;NA;NA;;;;0;16;13,5;22;NA;NA;NA;;;;2,8;NA;;;;;43;;;13;10;18;;;;5;3;NA;NA;Q3W;NA;NA;3;;;;;;NCT01866319;KEYNOTE-006;Open-label;PubMed;FO_NR;
Schachter_2017;SKCM;834;279;;antiPD1;NA;NA;antiCTLA4;ICB;Pembrolizumab;NA;NA;0,68;0,53;0,87;1;27;;;16;13,5;22;0,61;0,5;0,75;5,6;NA;;2,8;NA;;55;;;37;31;43;;;;12;10;NA;NA;Q2W;NA;NA;3;;;;;;NCT01866319;KEYNOTE-006;Open-label;PubMed;FO_NR;
Schachter_2017;SKCM;834;277;;antiPD1;NA;NA;antiCTLA4;ICB;Pembrolizumab;NA;NA;0,68;0,53;0,86;1;27;;;16;13,5;22;;;;4,1;NA;;2,8;NA;;55;;;36;30;42;;;;13;10;NA;NA;Q3W;NA;NA;3;;;;;;NCT01866319;KEYNOTE-006;Open-label;PubMed;FO_NR;
Schmid_2018;TNBC;902;451;;Chemotherapy;NA;NA;NA;NA;Paclitaxel;NA;NA;;;;;17,6;;;;;;;;;5,5;;;;;;;;;;;;;;;;100;;;Q1W;;;3;;;;;;NCT02425891;IMpassion130;Double-blinded;PubMed;IN;
Schmid_2018;TNBC;902;451;;antiPDL1;Chemotherapy;NA;Chemotherapy;SOC;Atezolizumab;Paclitaxel;NA;0,84;0,69;1,02;;21,3;;;17,6;;;0,8;0,69;0,92;7,2;;;5,5;;;;;;;;;;;;;840;100;;Q2W;Q1W;;3;;;;;;NCT02425891;IMpassion130;Double-blinded;PubMed;IN;
Shitara_2018;GC/GEJC;395;199;;Chemotherapy;NA;NA;NA;NA;NA;NA;NA;;;;;8,3;7,6;9;;;;;;;4,1;3,1;4,2;;;;;;;;;;;;;;;;;;;;;;;;;;NCT02370498;KEYNOTE-061;Open-label;PubMed;IN;
Shitara_2018;GC/GEJC;395;196;;antiPD1;NA;NA;Chemotherapy;SOC;Pembrolizumab;NA;NA;0,82;0,66;1,03;;9,1;6,2;10,7;8,3;7,6;9;1,27;1,03;1,57;1,5;1,4;2;4,1;3,1;4,2;;;;;;;;;;;;;;;;;;;;;;;NCT02370498;KEYNOTE-061;Open-label;PubMed;IN;
Sweeney_2020;MCRPC;759;379;;antiPDL1;Enzalutamide;NA;Enzalutamide;SOC;Atezolizumab;Enzalutamide;NA;1,12;0,91;1,37;0;15,2;14;17;16,6;14,7;18,4;0,899;0,754;1,072;4,2;4,1;5,3;4,1;3,7;4,5;;;;;;;60,61;55,52;65,71;;;;;;;;3;;;;;;NCT03016312;IMbassador250;Open-label;NCT;FO_TF;
Sweeney_2020;MCRPC;759;380;;Enzalutamide;NA;NA;NA;NA;Enzalutamide;NA;NA;;;;0;16,6;14,7;18,4;;;;;;;4,1;3,7;4,5;;;;;;;;;;64,65;59,6;69,7;;;;;;;;3;;;;;;NCT03016312;IMbassador250;Open-label;NCT;FO_TF;
Shitara_2020;GC/GEJC;763;256;;antiPD1;NA;NA;Chemotherapy;SOC;Pembrolizumab;NA;NA;0,91;0,69;1,18;0;11,1;9,2;12,8;11,1;9,2;12,8;1,64;1,36;1,98;2;1,5;2,8;6,4;5,7;7;;;;;;;;;;;;;;;;;3;;;;;;NCT02494583;KEYNOTE-062;Partially blinded;PubMed;IN;
Shitara_2020;GC/GEJC;763;257;;antiPD1;Chemotherapy;NA;Chemotherapy;SOC;Pembrolizumab;Cisplatin/5-FU;NA;0,85;0,7;1,03;0;12,5;10,8;13,9;11,1;9,2;12,8;0,84;0,7;1,02;6,9;5,7;7,3;6,4;5,7;7;;;;48,6;42,4;54,9;;;;;200;80/800;;Q3W;Q3W;;3;;;;;;NCT02494583;KEYNOTE-062;Partially blinded;PubMed;IN;
Shitara_2020;GC/GEJC;763;250;;Chemotherapy;NA;NA;NA;NA;Cisplatin/5-FU;NA;NA;;;;0;11,1;9,2;12,8;;;;;;;6,4;5,7;7;;;;;;;37,2;31,2;43,5;;;;;80/800;;;Q3W;;;3;;;;;;NCT02494583;KEYNOTE-062;Partially blinded;PubMed;IN;
Socinski_2018;NSCLC;692;336;;antiVEGF;Carboplatin;Paclitaxel;NA;NA;Bevacizumab;Carboplatin;Paclitaxel;;;;;14,7;;;;;;;;;6,8;;;;;;;;;48;;;;;;;;;;;;;3;;;;;;NCT02366143;IMpower150;Open-label;PubMed;IN;
Wolchok_2017;SKCM;945;314;;antiCTLA4;antiPD1;NA;antiCTLA4;ICB;Ipilimumab;Nivolumab;NA;0,55;0,45;0,69;1;36;38,2;;19,9;16,9;24,6;0,43;0,35;0,52;11,5;8,7;19,3;2,9;2,8;3,2;0,58;;;;;;;;;;3;1;;Q3Wx4;Q3W;;3;;;38;;;NCT01844505;CheckMate 067;Double-blinded;PubMed;FO_DR;
Wolchok_2017;SKCM;945;316;;antiPD1;NA;NA;antiCTLA4;ICB;Nivolumab;NA;NA;0,65;0,53;0,8;0;37,6;29,1;;19,9;16,9;24,6;0,55;0,45;0,66;6,9;5,1;9,7;2,9;2,8;3,2;0,52;;;;;;;;;;3;;;Q2W;;;3;;;35,7;;;NCT01844505;CheckMate 067;Double-blinded;PubMed;FO_DR;
Wolchok_2017;SKCM;945;315;;antiCTLA4;NA;NA;NA;NA;Ipilimumab;NA;NA;;;;0;19,9;16,9;24,6;;;;;;;2,9;2,8;3,2;;;;0,34;;;;;;;;;;3;;;Q3Wx4;;;3;;;18,6;;;NCT01844505;CheckMate 067;Double-blinded;PubMed;FO_DR;
Socinski_2018;NSCLC;692;356;;antiPDL1;Chemotherapy;NA;ICC;SOC;Atezolizumab;Carboplatin;Bevacizumab;0,78;0,64;0,96;;19,2;;;14,7;;;0,62;0,52;0,74;8,3;;;6,8;;;;;;63,5;;;;;;;;;;;;;3;;;;;;NCT02366143;IMpower150;Open-label;PubMed;IN;
Spigel_2021;SCLC;569;284;;antiPD1;NA;NA;Chemotherapy;SOC;Nivolumab;NA;NA;0,86;0,72;1,04;0;7,46;5,65;9,2;8,38;7,03;10,02;1,41;1,18;1,69;1,45;1,41;1,51;3,78;2,96;4,24;;;;13,7;10;18,3;;;;;240;;;;;;3;;;;;;NCT02481830;CheckMate 331;Open-label;NCT;IN;
Spigel_2021;SCLC;569;285;;Chemotherapy;NA;NA;NA;NA;ICC;NA;NA;;;;0;8,38;7,03;10,02;;;;;;;3,78;2,96;4,24;;;;;;;16,5;12,4;21,3;;;;;;;;;;;3;;;;;;NCT02481830;CheckMate 331;Open-label;NCT;IN;
West_2019;NSCLC;723;483;;antiPDL1;Chemotherapy;NA;Chemotherapy;SOC;Atezolizumab;Carboplatin/Paclitaxel;NA;0,788;0,636;0,977;0;18,7;15,8;21,2;13,9;12;18,7;0,639;0,536;0,763;7;6,3;7,3;5,5;4,4;5,9;;;;;;;;;;;;;;;;;;;;;;;NCT02367781;IMpower130;Open-label;PubMed;IN;
West_2019;NSCLC;723;240;;Chemotherapy;NA;NA;NA;NA;Carboplatin/Paclitaxel;NA;NA;;;;;13,9;12;18,7;;;;;;;5,5;4,4;5,9;;;;;;;;;;;;;;;;;;;;;;;;;;NCT02367781;IMpower130;Open-label;PubMed;IN;
Winer_2021;TNBC;622;312;;antiPD1;NA;NA;Chemotherapy;SOC;Pembrolizumab;NA;NA;0,97;0,82;1,15;0;9,9;8,3;11,4;10,8;9,1;12,6;1,6;1,33;1,92;2,1;2;2,1;;;;;;;9,6;6,6;13,4;;;;;;;;;;;3;;;;;;NCT02555657;KEYNOTE-119;Open-label;NCT;IN;
Winer_2021;TNBC;622;310;;Chemotherapy;NA;NA;NA;NA;ICC;NA;NA;;;;0;10,8;9,1;12,6;;;;;;;3,3;2,7;4;3,3;2,7;4;;;;10,6;7,4;14,6;;;;;;;;;;;3;;;;;;NCT02555657;KEYNOTE-119;Open-label;NCT;IN;
Wu_2019;NSCLC;504;388;;antiPD1;NA;NA;Chemotherapy;SOC;Nivolumab;NA;NA;0,68;0,52;0,9;0;12;10,4;14;9,6;7,6;11,2;0,77;0,62;0,95;2,76;2,37;3,35;2,76;1,64;2,92;;;;16,6;12,8;21;49,7;44,1;55;;3;;;Q2W;;;3;;;;;;NCT02613507;CheckMate 078;Open-label;PubMed;IN;
Wu_2019;NSCLC;504;166;;SOC;NA;NA;NA;NA;Docetaxel;NA;NA;;;;0;9,6;7,6;11,2;;;;;;;2,76;1,64;2,92;;;;;;;4,2;1,7;8,5;28,8;31,31;46,5;;75;;;Q3W;;;3;;;;;;NCT02613507;CheckMate 078;Open-label;PubMed;IN;
Yau_2019;HCC;743;371;;antiPD1;NA;NA;SOC;SOC;Nivolumab;NA;NA;0,85;0,72;1;0;17,4;14;18,5;14,8;12,1;17,3;0,93;1,1;;3,68;3,06;3,88;3,75;3,71;4,47;;;;15,4;11,8;19,4;;;;;240;NA;NA;Q2W;;;3;;;;;;NCT02576509;CheckMate 459;Open-label;NCT;IN;
Yau_2019;HCC;743;372;;SOC;NA;NA;NA;NA;Sorafenib;NA;NA;;;;0;14,8;12,1;17,3;;;;;;;3,75;3,71;4,47;;;;;;;7;4,6;10,1;;;;;400;NA;NA;;;;3;;;;;;NCT02576509;CheckMate 459;Open-label;NCT;IN;
Zhou_2020;NSCLC;425;213;;antiPD1;NA;NA;Chemotherapy;SOC;Pembrolizumab;NA;NA;0,75;0,6;0,95;0;12,9;10,3;16,5;10,6;8,7;12,5;0,84;0,66;1,08;3,3;2,1;4,1;3;2,3;4;;;;20,7;15,4;26,7;;;;;;;;;;;3;;;;;;NCT02864394;KEYNOTE-033;Open-label;NCT;IN;
Zhou_2020;NSCLC;425;212;;Docetaxel;NA;NA;NA;NA;Docetaxel;NA;NA;;;;0;10,6;8,7;12,5;;;;;;;3;2,3;4;;;;;;;5,7;3;9,7;;;;;;;;;;;3;;;;;;NCT02864394;KEYNOTE-033;Open-label;NCT;IN;